SiteCode,EventCode,Date
BearRun.Loyalsock,201106.BearRun.Loyalsock,6/1/2011
Rock.LittleLoyalsock,201106.Rock.LittleLoyalsock,6/1/2011
Conklin.LakeMokoma,201106.Conklin.LakeMokoma,6/2/2011
Dutchman.UpperLoyalsock,201106.Dutchman.UpperLoyalsock,6/7/2011
Sand.MillMokoma,201106.Sand.MillMokoma,6/7/2011
Level.Lick,201106.Level.Lick,6/8/2011
Streby.Lick,201106.Streby.Lick,6/8/2011
Scar.LowerLoyalsock,201106.Scar.LowerLoyalsock,6/9/2011
DrySock.LowerLoyalsock,201106.DrySock.LowerLoyalsock,6/10/2011
FlagMarsh.Pigeon,201106.FlagMarsh.Pigeon,6/21/2011
Coal.UpperLoyalsock,201106.Coal.UpperLoyalsock,6/24/2011
Ellis.UpperLoyalsock,201106.Ellis.UpperLoyalsock,6/28/2011
Porter.Hoagland,201106.Porter.Hoagland,6/29/2011
Painter.LittleBear,201107.Painter.LittleBear,7/5/2011
DryHB.Hoagland,201107.DryHB.Hoagland,7/6/2011
Swamp.Hoagland,201107.Swamp.Hoagland,7/6/2011
Brunnerdale.Ogdonia,201107.Brunnerdale.Ogdonia,7/7/2011
Red.LittleBear,201107.Red.LittleBear,7/8/2011
Sherman.UpperLoyalsock,201107.Sherman.UpperLoyalsock,7/8/2011
Yellow.LittleLoyalsock,201107.Yellow.LittleLoyalsock,7/9/2011
Grandad.Hessler,201107.Grandad.Hessler,7/10/2011
SandSpring.LittleBear,201107.SandSpring.LittleBear,7/10/2011
Huckle.Loyalsock,201107.Huckle.Loyalsock,7/11/2011
Shingle.Bear,201107.Shingle.Bear,7/12/2011
Snake.BearLoyalsock,201107.Snake.BearLoyalsock,7/12/2011
Lick.Kings,201107.Lick.Kings,7/14/2011
Fall.Hoagland,201107.Fall.Hoagland,7/19/2011
Weed.Hoagland,201107.Weed.Hoagland,7/19/2011
Lake.Elk,201107.Lake.Elk,7/20/2011
Mill.Loyalsock,201107.Mill.Loyalsock,7/27/2011
BearRun.Loyalsock,201206.BearRun.Loyalsock,6/6/2012
Rock.LittleLoyalsock,201206.Rock.LittleLoyalsock,6/12/2012
Yellow.LittleLoyalsock,201206.Yellow.LittleLoyalsock,6/12/2012
Coal.UpperLoyalsock,201206.Coal.UpperLoyalsock,6/13/2012
Dutchman.UpperLoyalsock,201206.Dutchman.UpperLoyalsock,6/13/2012
Mill.Loyalsock,201206.Mill.Loyalsock,6/13/2012
Brunnerdale.Ogdonia,201206.Brunnerdale.Ogdonia,6/14/2012
DrySock.LowerLoyalsock,201206.DrySock.LowerLoyalsock,6/14/2012
Scar.LowerLoyalsock,201206.Scar.LowerLoyalsock,6/14/2012
Conklin.LakeMokoma,201206.Conklin.LakeMokoma,6/15/2012
Sand.MillMokoma,201206.Sand.MillMokoma,6/15/2012
Ellis.UpperLoyalsock,201206.Ellis.UpperLoyalsock,6/18/2012
FlagMarsh.Pigeon,201206.FlagMarsh.Pigeon,6/18/2012
Sherman.UpperLoyalsock,201206.Sherman.UpperLoyalsock,6/18/2012
DryHB.Hoagland,201206.DryHB.Hoagland,6/19/2012
Fall.Hoagland,201206.Fall.Hoagland,6/19/2012
Porter.Hoagland,201206.Porter.Hoagland,6/19/2012
Weed.Hoagland,201206.Weed.Hoagland,6/19/2012
Painter.LittleBear,201206.Painter.LittleBear,6/20/2012
Red.LittleBear,201206.Red.LittleBear,6/20/2012
SandSpring.LittleBear,201206.SandSpring.LittleBear,6/20/2012
Swamp.Hoagland,201206.Swamp.Hoagland,6/20/2012
Lake.Elk,201206.Lake.Elk,6/21/2012
Lick.Kings,201206.Lick.Kings,6/21/2012
Streby.Lick,201206.Streby.Lick,6/21/2012
Grandad.Hessler,201206.Grandad.Hessler,6/22/2012
Shingle.Bear,201206.Shingle.Bear,6/28/2012
Huckle.Loyalsock,201206.Huckle.Loyalsock,6/29/2012
Snake.BearLoyalsock,201207.Snake.BearLoyalsock,7/10/2012
Level.Lick,201207.Level.Lick,7/11/2012
Painter.LittleBear,201306.Painter.LittleBear,6/10/2013
Red.LittleBear,201306.Red.LittleBear,6/10/2013
SandSpring.LittleBear,201306.SandSpring.LittleBear,6/11/2013
Fall.Hoagland,201306.Fall.Hoagland,6/12/2013
Lake.Elk,201306.Lake.Elk,6/12/2013
Weed.Hoagland,201306.Weed.Hoagland,6/12/2013
Conklin.LakeMokoma,201306.Conklin.LakeMokoma,6/13/2013
DrySock.LowerLoyalsock,201306.DrySock.LowerLoyalsock,6/13/2013
Dutchman.UpperLoyalsock,201306.Dutchman.UpperLoyalsock,6/13/2013
Ellis.UpperLoyalsock,201306.Ellis.LoyalsockUpper,6/13/2013
Lick.Kings,201306.Lick.Kings,6/13/2013
Brunnerdale.Ogdonia,201306.Brunnerdale.Ogdonia,6/14/2013
Sherman.UpperLoyalsock,201306.Sherman.UpperLoyalsock,6/14/2013
Yellow.LittleLoyalsock,201306.Yellow.LittleLoyalsock,6/14/2013
Sand.MillMokoma,201306.Sand.MillMokoma,6/15/2013
FlagMarsh.Pigeon,201306.FlagMarsh.Pigeon,6/17/2013
Mill.Loyalsock,201306.Mill.Loyalsock,6/17/2013
DryHB.Hoagland,201306.DryHB.Hoagland,6/18/2013
Porter.Hoagland,201306.Porter.Hoagland,6/18/2013
Scar.LowerLoyalsock,201306.Scar.LowerLoyalsock,6/18/2013
Swamp.Hoagland,201306.Swamp.Hoagland,6/18/2013
Coal.UpperLoyalsock,201306.Coal.UpperLoyalsock,6/19/2013
Level.Lick,201306.Level.Lick,6/19/2013
Rock.LittleLoyalsock,201306.Rock.LittleLoyalsock,6/19/2013
Streby.Lick,201306.Streby.Lick,6/19/2013
Huckle.Loyalsock,201306.Huckle.Loyalsock,6/20/2013
Shingle.Bear,201306.Shingle.Bear,6/20/2013
Snake.BearLoyalsock,201306.Snake.BearLoyalsock,6/20/2013
BearRun.Loyalsock,201306.BearRun.Loyalsock,6/21/2013
Grandad.Hessler,201306.Grandad.Hessler,6/21/2013
Painter.LittleBear,201406.Painter.LittleBear,6/2/2014
Red.LittleBear,201406.Red.LittleBear,6/2/2014
Brunnerdale.Ogdonia,201406.Brunnerdale.Ogdonia,6/3/2014
DrySock.LowerLoyalsock,201406.DrySock.LowerLoyalsock,6/3/2014
Scar.LowerLoyalsock,201406.Scar.LowerLoyalsock,6/3/2014
Shingle.Bear,201406.Shingle.Bear,6/3/2014
Snake.BearLoyalsock,201406.Snake.BearLoyalsock,6/3/2014
Conklin.LakeMokoma,201406.Conklin.LakeMokoma,6/4/2014
Level.Lick,201406.Level.Lick,6/4/2014
Lick.Kings,201406.Lick.Kings,6/4/2014
Streby.Lick,201406.Streby.Lick,6/4/2014
Yellow.LittleLoyalsock,201406.Yellow.LittleLoyalsock,6/4/2014
DryHB.Hoagland,201406.DryHB.Hoagland,6/5/2014
Swamp.Hoagland,201406.Swamp.Hoagland,6/5/2014
Mill.Loyalsock,201406.Mill.Loyalsock,6/6/2014
Sand.MillMokoma,201406.Sand.MillMokoma,6/6/2014
Dutchman.UpperLoyalsock,201406.Dutchman.UpperLoyalsock,6/9/2014
Ellis.UpperLoyalsock,201406.Ellis.UpperLoyalsock,6/9/2014
FlagMarsh.Pigeon,201406.FlagMarsh.Pigeon,6/9/2014
Sherman.UpperLoyalsock,201406.Sherman.UpperLoyalsock,6/9/2014
Grandad.Hessler,201406.Grandad.Hessler,6/10/2014
Huckle.Loyalsock,201406.Huckle.Loyalsock,6/10/2014
Fall.Hoagland,201406.Fall.Hoagland,6/11/2014
Porter.Hoagland,201406.Porter.Hoagland,6/11/2014
Weed.Hoagland,201406.Weed.Hoagland,6/11/2014
Lake.Elk,201406.Lake.Elk,6/12/2014
SandSpring.LittleBear,201406.SandSpring.LittleBear,6/12/2014
Coal.UpperLoyalsock,201406.Coal.UpperLoyalsock,6/19/2014
Rock.LittleLoyalsock,201406.Rock.LittleLoyalsock,6/19/2014
BearRun.Loyalsock,201406.BearRun.Loyalsock,6/20/2014
Porter.Hoagland,201506.Porter.Hoagland,6/15/2015
Scar.LowerLoyalsock,201506.Scar.LowerLoyalsock,6/15/2015
Swamp.Hoagland,201506.Swamp.Hoagland,6/15/2015
Brunnerdale.Ogdonia,201506.Brunnerdale.Ogdonia,6/16/2015
DryHB.Hoagland,201506.DryHB.Hoagland,6/16/2015
Painter.LittleBear,201506.Painter.LittleBear,6/16/2015
Red.LittleBear,201506.Red.LittleBear,6/16/2015
SandSpring.LittleBear,201506.SandSpring.LittleBear,6/16/2015
Conklin.LakeMokoma,201506.Conklin.LakeMokoma,6/17/2015
Ellis.UpperLoyalsock,201506.Ellis.Loyalsock,6/17/2015
FlagMarsh.Pigeon,201506.FlagMarsh.Pigeon,6/17/2015
Sand.MillMokoma,201506.Sand.MillMokoma,6/17/2015
Sherman.UpperLoyalsock,201506.Sherman.UpperLoyalsock,6/17/2015
Grandad.Hessler,201506.Grandad.Hessler,6/18/2015
Lick.Kings,201506.Lick.Kings,6/18/2015
Shingle.Bear,201506.Shingle.Bear,6/18/2015
Snake.BearLoyalsock,201506.Snake.BearLoyalsock,6/18/2015
Rock.LittleLoyalsock,201506.Rock.LittleLoyalsock,6/19/2015
DrySock.LowerLoyalsock,201506.DrySock.LowerLoyalsock,6/22/2015
Lake.Elk,201506.Lake.Elk,6/23/2015
Level.Lick,201506.Level.Lick,6/23/2015
Streby.Lick,201506.Streby.Lick,6/23/2015
Yellow.LittleLoyalsock,201506.Yellow.LittleLoyalsock,6/23/2015
Dutchman.UpperLoyalsock,201506.Dutchman.UpperLoyalsock,6/24/2015
Fall.Hoagland,201506.Fall.Hoagland,6/24/2015
Huckle.Loyalsock,201506.Huckle.Loyalsock,6/24/2015
Mill.Loyalsock,201506.Mill.Loyalsock,6/24/2015
Weed.Hoagland,201506.Weed.Hoagland,6/24/2015
BearRun.Loyalsock,201506.BearRun.Loyalsock,6/25/2015
Coal.UpperLoyalsock,201506.Coal.UpperLoyalsock,6/25/2015
Conklin.LakeMokoma,201606.Conklin.LakeMokoma,6/12/2016
Sand.MillMokoma,201606.Sand.MillMokoma,6/12/2016
DrySock.LowerLoyalsock,201606.DrySock.LowerLoyalsock,6/13/2016
Dutchman.UpperLoyalsock,201606.Dutchman.UpperLoyalsock,6/13/2016
Ellis.UpperLoyalsock,201606.Ellis.UpperLoyalsock,6/13/2016
FlagMarsh.Pigeon,201606.FlagMarsh.Pigeon,6/13/2016
Sherman.UpperLoyalsock,201606.Sherman.UpperLoyalsock,6/13/2016
Brunnerdale.Ogdonia,201606.Brunnerdale.Ogdonia,6/14/2016
DryHB.Hoagland,201606.DryHB.Hoagland,6/14/2016
Level.Lick,201606.Level.Lick,6/14/2016
Porter.Hoagland,201606.Porter.Hoagland,6/14/2016
Streby.Lick,201606.Streby.Lick,6/14/2016
Mill.Loyalsock,201606.Mill.Loyalsock,6/15/2016
Scar.LowerLoyalsock,201606.Scar.LowerLoyalsock,6/15/2016
Lick.Kings,201606.Lick.Kings,6/16/2016
Rock.LittleLoyalsock,201606.Rock.LittleLoyalsock,6/16/2016
Grandad.Hessler,201606.Grandad.Hessler,6/20/2016
Shingle.Bear,201606.Shingle.Bear,6/20/2016
Snake.BearLoyalsock,201606.Snake.BearLoyalsock,6/20/2016
BearRun.Loyalsock,201606.BearRun.Loyalsock,6/21/2016
Huckle.Loyalsock,201606.Huckle.Loyalsock,6/21/2016
Painter.LittleBear,201606.Painter.LittleBear,6/21/2016
Red.LittleBear,201606.Red.LittleBear,6/21/2016
SandSpring.LittleBear,201606.SandSpring.LittleBear,6/21/2016
Coal.UpperLoyalsock,201606.Coal.UpperLoyalsock,6/22/2016
Fall.Hoagland,201606.Fall.Hoagland,6/22/2016
Swamp.Hoagland,201606.Swamp.Hoagland,6/22/2016
Weed.Hoagland,201606.Weed.Hoagland,6/22/2016
Lake.Elk,201606.Lake.Elk,6/23/2016
Yellow.LittleLoyalsock,201606.Yellow.LittleLoyalsock,6/23/2016
Sand.MillMokoma,201706.Sand.MillMokoma,6/19/2017
Lick.Kings,201706.Lick.Kings,6/20/2017
Painter.LittleBear,201706.Painter.LittleBear,6/20/2017
Red.LittleBear,201706.Red.LittleBear,6/20/2017
SandSpring.LittleBear,201706.SandSpring.LittleBear,6/20/2017
Scar.LowerLoyalsock,201706.Scar.LowerLoyalsock,6/20/2017
Brunnerdale.Ogdonia,201706.Brunnerdale.Ogdonia,6/21/2017
Conklin.LakeMokoma,201706.Conklin.LakeMokoma,6/21/2017
DrySock.LowerLoyalsock,201706.DrySock.LowerLoyalsock,6/21/2017
Dutchman.UpperLoyalsock,201706.Dutchman.UpperLoyalsock,6/21/2017
Huckle.Loyalsock,201706.Huckle.Loyalsock,6/21/2017
BearRun.Loyalsock,201706.BearRun.Loyalsock,6/22/2017
Coal.UpperLoyalsock,201706.Coal.UpperLoyalsock,6/22/2017
Mill.Loyalsock,201706.Mill.Loyalsock,6/22/2017
Porter.Hoagland,201706.Porter.Hoagland,6/22/2017
Rock.LittleLoyalsock,201706.Rock.LittleLoyalsock,6/22/2017
DryHB.Hoagland,201706.DryHB.Hoagland,6/26/2017
Ellis.UpperLoyalsock,201706.Ellis.UpperLoyalsock,6/26/2017
FlagMarsh.Pigeon,201706.FlagMarsh.Pigeon,6/26/2017
Level.Lick,201706.Level.Lick,6/26/2017
Streby.Lick,201706.Streby.Lick,6/26/2017
Yellow.LittleLoyalsock,201706.Yellow.LittleLoyalsock,6/26/2017
Fall.Hoagland,201706.Fall.Hoagland,6/27/2017
Lake.Elk,201706.Lake.Elk,6/27/2017
Sherman.UpperLoyalsock,201706.Sherman.UpperLoyalsock,6/27/2017
Swamp.Hoagland,201706.Swamp.Hoagland,6/27/2017
Weed.Hoagland,201706.Weed.Hoagland,6/27/2017
Grandad.Hessler,201706.Grandad.Hessler,6/28/2017
Shingle.Bear,201706.Shingle.Bear,6/28/2017
Snake.BearLoyalsock,201706.Snake.BearLoyalsock,6/28/2017
Level.Lick,201806.Level.Lick,6/18/2018
Scar.LowerLoyalsock,201806.Scar.LowerLoyalsock,6/18/2018
Streby.Lick,201806.Streby.Lick,6/18/2018
DryHB.Hoagland,201806.DryHB.Hoagland,6/19/2018
Huckle.Loyalsock,201806.Huckle.Loyalsock,6/19/2018
Lick.Kings,201806.Lick.Kings,6/19/2018
Porter.Hoagland,201806.Porter.Hoagland,6/19/2018
Swamp.Hoagland,201806.Swamp.Hoagland,6/19/2018
Conklin.LakeMokoma,201806.Conklin.LakeMokoma,6/20/2018
Dutchman.UpperLoyalsock,201806.Dutchman.UpperLoyalsock,6/20/2018
Ellis.UpperLoyalsock,201806.Ellis.UpperLoyalsock,6/20/2018
FlagMarsh.Pigeon,201806.FlagMarsh.Pigeon,6/20/2018
Sand.MillMokoma,201806.Sand.MillMokoma,6/20/2018
Sherman.UpperLoyalsock,201806.Sherman.UpperLoyalsock,6/20/2018
Brunnerdale.Ogdonia,201806.Brunnerdale.Ogdonia,6/21/2018
Fall.Hoagland,201806.Fall.Hoagland,6/21/2018
Lake.Elk,201806.Lake.Elk,6/21/2018
Rock.LittleLoyalsock,201806.Rock.LittleLoyalsock,6/21/2018
Weed.Hoagland,201806.Weed.Hoagland,6/21/2018
BearRun.Loyalsock,201806.BearRun.Loyalsock,6/22/2018
Coal.UpperLoyalsock,201806.Coal.UpperLoyalsock,6/22/2018
DrySock.LowerLoyalsock,201806.DrySock.LowerLoyalsock,6/22/2018
Mill.Loyalsock,201806.Mill.Loyalsock,6/22/2018
Painter.LittleBear,201806.Painter.LittleBear,6/23/2018
Red.LittleBear,201806.Red.LittleBear,6/23/2018
SandSpring.LittleBear,201806.SandSpring.LittleBear,6/23/2018
Grandad.Hessler,201806.Grandad.Hessler,6/25/2018
Shingle.Bear,201806.Shingle.Bear,6/25/2018
Snake.BearLoyalsock,201806.Snake.BearLoyalsock,6/25/2018
Yellow.LittleLoyalsock,201806.Yellow.LittleLoyalsock,6/25/2018
Brunnerdale.Ogdonia,201906.Brunnerdale.Ogdonia,6/17/2019
Scar.LowerLoyalsock,201906.Scar.LowerLoyalsock,6/17/2019
Sand.MillMokoma,201906.Sand.MillMokoma,6/21/2019
Grandad.Hessler,201906.Grandad.Hessler,6/23/2019
Red.LittleBear,201906.Red.LittleBear,6/23/2019
SandSpring.LittleBear,201906.SandSpring.LittleBear,6/23/2019
BearRun.Loyalsock,201906.BearRun.Loyalsock,6/24/2019
Rock.LittleLoyalsock,201906.Rock.LittleLoyalsock,6/24/2019
Yellow.LittleLoyalsock,201906.Yellow.LittleLoyalsock,6/24/2019
Coal.UpperLoyalsock,201906.Coal.UpperLoyalsock,6/25/2019
Conklin.LakeMokoma,201906.Conklin.LakeMokoma,6/25/2019
DrySock.LowerLoyalsock,201906.DrySock.LowerLoyalsock,6/25/2019
Dutchman.UpperLoyalsock,201906.Dutchman.UpperLoyalsock,6/25/2019
Ellis.UpperLoyalsock,201906.Ellis.UpperLoyalsock,6/25/2019
FlagMarsh.Pigeon,201906.FlagMarsh.Pigeon,6/25/2019
Mill.Loyalsock,201906.Mill.Loyalsock,6/25/2019
Sherman.UpperLoyalsock,201906.Sherman.UpperLoyalsock,6/25/2019
DryHB.Hoagland,201906.DryHB.Hoagland,6/26/2019
Level.Lick,201906.Level.Lick,6/26/2019
Lick.Kings,201906.Lick.Kings,6/26/2019
Porter.Hoagland,201906.Porter.Hoagland,6/26/2019
Streby.Lick,201906.Streby.Lick,6/26/2019
Swamp.Hoagland,201906.Swamp.Hoagland,6/26/2019
Huckle.Loyalsock,201906.Huckle.Loyalsock,6/27/2019
Lake.Elk,201906.Lake.Elk,6/27/2019
Painter.LittleBear,201906.Painter.LittleBear,6/27/2019
Shingle.Bear,201906.Shingle.Bear,6/27/2019
Snake.BearLoyalsock,201906.Snake.BearLoyalsock,6/27/2019
Fall.Hoagland,201906.Fall.Hoagland,6/28/2019
Weed.Hoagland,201906.Weed.Hoagland,6/28/2019
Conklin.LakeMokoma,202006.Conklin.LakeMokoma,6/16/2020
Dutchman.UpperLoyalsock,202006.Dutchman.UpperLoyalsock,6/16/2020
Mill.Loyalsock,202006.Mill.Loyalsock,6/16/2020
Sand.MillMokoma,202006.Sand.MillMokoma,6/16/2020
Ellis.UpperLoyalsock,202006.Ellis.UpperLoyalsock,6/17/2020
FlagMarsh.Pigeon,202006.FlagMarsh.Pigeon,6/17/2020
Sherman.UpperLoyalsock,202006.Sherman.UpperLoyalsock,6/17/2020
Yellow.LittleLoyalsock,202006.Yellow.LittleLoyalsock,6/17/2020
BearRun.Loyalsock,202006.BearRun.Loyalsock,6/18/2020
Coal.UpperLoyalsock,202006.Coal.UpperLoyalsock,6/18/2020
Lake.Elk,202006.Lake.Elk,6/18/2020
Streby.Lick,202006.Streby.Lick,6/18/2020
Brunnerdale.Ogdonia,202006.Brunnerdale.Ogdonia,6/19/2020
Rock.LittleLoyalsock,202006.Rock.LittleLoyalsock,6/19/2020
Scar.LowerLoyalsock,202006.Scar.LowerLoyalsock,6/19/2020
Painter.LittleBear,202006.Painter.LittleBear,6/22/2020
Red.LittleBear,202006.Red.LittleBear,6/22/2020
SandSpring.LittleBear,202006.SandSpring.LittleBear,6/22/2020
DryHB.Hoagland,202006.DryHB.Hoagland,6/23/2020
DrySock.LowerLoyalsock,202006.DrySock.LowerLoyalsock,6/23/2020
Grandad.Hessler,202006.Grandad.Hessler,6/23/2020
Shingle.Bear,202006.Shingle.Bear,6/23/2020
Swamp.Hoagland,202006.Swamp.Hoagland,6/23/2020
Level.Lick,202006.Level.Lick,6/24/2020
Porter.Hoagland,202006.Porter.Hoagland,6/24/2020
Snake.BearLoyalsock,202006.Snake.BearLoyalsock,6/24/2020
Fall.Hoagland,202006.Fall.Hoagland,6/25/2020
Huckle.Loyalsock,202006.Huckle.Loyalsock,6/25/2020
Lick.Kings,202006.Lick.Kings,6/25/2020
Weed.Hoagland,202006.Weed.Hoagland,6/25/2020
Painter.LittleBear,202106.Painter.LittleBear,6/14/2021
Red.LittleBear,202106.Red.LittleBear,6/14/2021
DryHB.Hoagland,202106.DryHB.Hoagland,6/15/2021
Coal.UpperLoyalsock,202106.Coal.UpperLoyalsock,6/16/2021
Rock.LittleLoyalsock,202106.Rock.LittleLoyalsock,6/16/2021
Grandad.Hessler,202106.Grandad.Hessler,6/17/2021
